<?xml version="1.0" encoding="UTF-8"?>
<!DOCTYPE mapper
        PUBLIC "-//mybatis.org//DTD Mapper 3.0//EN"
        "http://mybatis.org/dtd/mybatis-3-mapper.dtd">
<mapper namespace="com.atguigu.cloud.mapper.StorageMapper">
    <resultMap id="BaseResultMap" type="com.atguigu.cloud.entities.Storage">
            <id property="id" column="id" jdbcType="BIGINT"/>
            <result property="productId" column="product_id" jdbcType="BIGINT"/>
            <result property="total" column="total" jdbcType="INTEGER"/>
            <result property="used" column="used" jdbcType="INTEGER"/>
            <result property="residue" column="residue" jdbcType="INTEGER"/>
    </resultMap>

    <sql id="Base_Column_List">
        id,product_id,total,
        used,residue
    </sql>

    <update id="decrease">
        UPDATE
            t_storage
        SET
            used = used + #{count},
            residue = residue - #{count}
        WHERE product_id = #{productId}
    </update>

</mapper>
